<Configuration>
    <Appenders>
        <Console name="Console" target="SYSTEM_OUT">
            <PatternLayout pattern="%d{HH:mm:ss.SSS} [%t] %-5level %logger{36} - %msg%n"/>
        </Console>
        <RollingFile fileName="C:\WorkArea\Java\TaskPradeep\src\Logs\LogFile.log"
                     filePattern="C:\WorkArea\Java\TaskPradeep\src\Logs\LogFile-%d{MM-dd-yyyy}-%i.log" name="A1">
            <PatternLayout>
                <Pattern>"%d{yyy-MM-dd HH:mm:ss.SSS} [%t] %-5level %logger{36} - %msg%n"</Pattern>
            </PatternLayout>
            <Policies>
                <SizeBasedTriggeringPolicy size="512 MB"/>
            </Policies>
            <DefaultRolloverStrategy max="5"/>
        </RollingFile>
    </Appenders>
    <Loggers>
        <Root level="debug">
            <AppenderRef ref="A1"/>
            <AppenderRef ref="Console"/>
        </Root>
        <Logger level="debug" name="ConnectionPattern" additivity="false">
            <AppenderRef ref="A1"/>
            <AppenderRef ref="Console"/>
        </Logger>
    </Loggers>
</Configuration>