French,English
partie,part
histoire,history
chercher,search
police,police
pensais,thought
genre,kind
mois,month
laisser,let
car,because
mettre,to put
aucun,no
eux,them
chaque,each
arrivé,come
devrait,should
bébé,baby
pendant,while
revoir,meet again
aucune,any
parle,speak
compris,understood
savais,knew
étaient,were
attention,Warning
donner,give
type,type
leurs,their
train,train
corps,body
endroit,place
façon,way
écoute,listen
premier,first
première,first
côté,side
pouvoir,power
vieux,old
sois,be
tiens,here
tellement,so much
point,point
suite,after
pardon,sorry
venez,come
devant,in front of
vers,towards
demandé,request
chambre,bedroom
belle,beautiful
droit,law
enfin,finally
espère,hope
parti,left
nouvelle,new
boulot,job
arrêter,Stop
terre,Earth
loin,far
croire,believe
gros,large
plutôt,rather
filles,girls
bureau,office
