{
  "private_key_path": "C:\\WorkArea\\Java\\ProducerConsumer\\src\\main\\resources\\Keys\\privateKey",
  "topic_name": "mt4020_Topic_1",
  "class_name": "ProducerAndConsumer.SampleKafkaConsumer",
  "duration" : 100,
  "consumer_properties": {
    "bootstrap.servers": "w3.training5.modak.com:9092",
    "key.deserializer": "org.apache.kafka.common.serialization.StringDeserializer",
    "value.deserializer": "org.apache.kafka.common.serialization.ByteArrayDeserializer",
    "group.id": "Sanjana1",
    "auto.offset.reset": "earliest"
  }
}