{
  "public_key_path": "C:\\WorkArea\\Java\\ProducerConsumer\\src\\main\\resources\\Keys\\publicKey",
  "topic_name": "mt4020_Topic_1",
  "producer_properties": {
    "bootstrap.servers": "w3.training5.modak.com:9092",
    "key.serializer": "org.apache.kafka.common.serialization.StringSerializer",
    "value.serializer": "org.apache.kafka.common.serialization.ByteArraySerializer"
  },
  "message_template": {
    "template_name": "Message",
    "template_group": "C:\\WorkArea\\Java\\ProducerConsumer\\src\\main\\resources\\StringTemplates\\inputMessage.stg"
  }
}